Title,Image,Discription,Phone,Area,Construction,Room,Warehouse,Parking,Elevator,Address,Price
اپارتمان فرهنگ شهر ۱۵۰ متری صفر,,"فروش اپارتمان فرهنگ شهر 
موقعیت عالی 
نزدیک خیابان اصلی 
دو خواب خوش نقشه 
۸ واحدی 
قیمت عالی",,150,1401,2,True,True,True,"<div class=""kt-page-title__subtitle kt-page-title__subtitle--responsive-sized"">۴ ساعت پیش در شیراز، فرهنگ شهر</div>",۷٬۲۰۰٬۰۰۰٬۰۰۰ تومان
اپارتمان تک واحدی۱۶۰ متری خ صداسیما,,"اپارتمان۳ خواب 
تک واحدی
کلا۳ واحدی
۱۶۰متری
اتاق مستر
دارای حیاط خلوت که در سند نیست
در بهترین لوکیشن صدا سیما
—————————————————————-
      ***املاک کامپیوتری جعفری***",,160,1391,3,True,True,True,"<div class=""kt-page-title__subtitle kt-page-title__subtitle--responsive-sized"">۴ ساعت پیش در شیراز، قدوسی شرقی</div>",۷٬۲۰۰٬۰۰۰٬۰۰۰ تومان
فروش  پکیج  فرهنگ شهر,,"به نام خدا

⭕فروش آپارتمان بصورت پکیج 

❇بسیار خوش نقشه

❇پنجره ها سقف تا کف

❇نمای بسیار شیک و مدرن

❇استفاده از اسلب و سنگ درجه یک صادراتی

کارشناس فروش: فرشته دانش",,700,1401,3,True,True,True,"<div class=""kt-page-title__subtitle kt-page-title__subtitle--responsive-sized"">۴ ساعت پیش در شیراز، فرهنگ شهر</div>",۳۵٬۰۰۰٬۰۰۰٬۰۰۰ تومان
آپارتمان تکمیل معاوضه با ماشین خارجی فرهنگیان,,"آپارتمان نوساز تکمیل لوکس 
معاوضه با ماشین خارجی
فرهنگیان خیابان پور بهمن 
نما رومی 
سازنده بنام 
خوش نقشه 
سالن بزرگ 
اتاق خواب بزرگ 
کابینت کناف پرده کاغذ دیواری 
قابلیت رهن تا ۴۰۰
تخلیه
موارد مشابه موجود می باشد.
                نوروزی",,115,1401,2,True,True,True,"<div class=""kt-page-title__subtitle kt-page-title__subtitle--responsive-sized"">۴ ساعت پیش در شیراز، فرهنگیان</div>",۳٬۷۵۰٬۰۰۰٬۰۰۰ تومان
فروش آپارتمان ۴ خوابه خیابان نیایش,,"فروش آپارتمان

⚜️آدرس : خیابان نیایش
⚜️متراژ : ۳۳۰ متر
⚜️تعداد خواب : ۴ خواب
⚜️شماره طبقه :طبقه ۴
⚜️تعداد طبقه :  کلا ۴ طبقه
⚜️سال ساخت : ۹۶
⚜️قیمت متری :متری ۶۵
⚜️قیمت کل : ۲۱/۴۵۰/۰۰۰/۰۰۰
⚜️ضلع :جنوبی
⚜️امکانات : تکمیل ..لوکس..۴ خواب..متراژ سالن ۱۳۰ متر ...سوییت اختصاصی...تک واحدی...

جهت کسب اطلاعات بیشتر لطفا تماس بگیرید 
جهت دیدن عکس و هماهنگی بازدید لطفا با کارشناس مربوط تماس بگیرید 

کارشناس فروش : خانم منصوری


اعتماد شما اعتبار ماست 

جهت مشاوره در امر خرید و فروش .. رهن و اجاره ..مشارکت ..سرمایه گذاری در خدمت شما عزیزان هستیم",,330,1396,4,True,True,True,"<div class=""kt-page-title__subtitle kt-page-title__subtitle--responsive-sized"">۴ ساعت پیش در شیراز، نیایش</div>",۲۱٬۴۵۰٬۰۰۰٬۰۰۰ تومان
آپارتمان مسکن مهر لپویی,,"⬅️ما فروشنده نیستیم مشاور املاک هستیم
املاک عمارت
⬅️سرمایه گذاری مطمئن با املاک عمارت
ارائه کد رهگیری معتبر برای تمام قراردادها
استعلام از سند ومدارک قبل از عقد قرارداد
استعلام از اقساط بانک
⬅️آدرس دفتر :
شهریار میدان استاد شهریار املاک عمارت",,87,1396,2,True,True,True,"<div class=""kt-page-title__subtitle kt-page-title__subtitle--responsive-sized"">۴ ساعت پیش در شیراز، رکن‌آباد</div>",۱٬۱۱۱٬۱۱۱٬۱۱۱ تومان
سه خواب/کم واحد/ تو دل شهر/,,"هلدینگ جمال زاده

~~~~⚜️گروه مشاورین املاک جمال زاده⚜️~~~~

اگر به دنبال خرید ملک و سرمایه گذاری در حوزه مسکن هستید ما بهترین شرایط را برای شما عزیزان در نظر داریم 

~~~~⚜️گروه مشاورین املاک جمال زاده ⚜️~~~~

فروش آپارتمان 
سه خواب 
خوش نقشه
اتاق بزرگ 
ساختمان شخصی ساز
دسترسی به همه امکانات

⚜️زیر قیمت منطقه⚜️

برای اطلاعات بیشتر و بازدید تماس بگیرید 

⚜️کارشناس منطقه :   

ساسان نژاد 

با ما زودتر به نتیجه میرسید ، همه روزه حتی روز های تعطیل 

آدرس دفتر : زرهی نبش خیابان کلاهدوز گروه مشاورین املاک جمال زاده 

⚜️فروش‌ پایان کار نیست ، سرآغاز تعهد ما به شماست",,120,1385,3,True,True,True,"<div class=""kt-page-title__subtitle kt-page-title__subtitle--responsive-sized"">۴ ساعت پیش در شیراز، زرهی</div>",۵٬۶۰۰٬۰۰۰٬۰۰۰ تومان
۱۴۰ متری، ۲ خوابه، کوی وحدت,,"دسترسی عالی، بر بلوار 
بازسازی شده، نورگیر عالی
آشپزخانه بزرگ کابینت هایگلاس
۲ خواب بزرگ + ۲تراس
گرمایش پکیج، سرمایش کولر آبی
.
.
«»«»«»«»«»«»«»«»«»«»
✔️املاک پلاک اول: نبش کوچه ۲ همت شمالی «»«»«»«»«»«»«»«»«»«»
✔️مشاور شما در خرید: کاویانی",,140,1394,2,True,True,True,"<div class=""kt-page-title__subtitle kt-page-title__subtitle--responsive-sized"">۴ ساعت پیش در شیراز، فرهنگ شهر</div>",۵٬۵۰۰٬۰۰۰٬۰۰۰ تومان
آپارتمان ۲۰۰متر/۳خواب/فول امکانات/صفر,,"خوش نقشه
نورگیر عالی
فول امکانات
ملکی
صفر کلید نخورده 
در بهترین کوچه و منطقه اشرافی
سیستم فوق هوشمند
املاک پلاک ستارخان زارع",,220,1396,3,True,True,True,"<div class=""kt-page-title__subtitle kt-page-title__subtitle--responsive-sized"">۴ ساعت پیش در شیراز، تپه تلویزیون، خیابان ابریشمی (بلوار جمهوری اسلامی)</div>",۱۴٬۵۰۰٬۰۰۰٬۰۰۰ تومان
آپارتمان دو خوابه مجتمع سلحشوران,,"فروش آپارتمان دو خوابه فاز یک صدرا 
مجتمع سلحشوران 
ملکی
دو خوابه 
طبقه اول 
تخلیه 

با موقعیت و قیمت بسیار مناسب 

لطفا لطفا بدون واسطه",,80,1388,2,False,False,False,"<div class=""kt-page-title__subtitle kt-page-title__subtitle--responsive-sized"">۴ ساعت پیش در شیراز، شهر صدرا</div>",۱٬۴۲۰٬۰۰۰٬۰۰۰ تومان
بهشتی آفرینش ۱۲۰m تماما نور,,"دو جهت نور 
پنجره های بزرگ 
ارتفاع سقف عالی 
نما و ورودی طراحی شده 

***مشاور شما : علی ناصری 
کد۶۷۹",,120,1401,2,True,True,True,"<div class=""kt-page-title__subtitle kt-page-title__subtitle--responsive-sized"">۴ ساعت پیش در شیراز، شهرک شهید بهشتی</div>",۴٬۱۵۰٬۰۰۰٬۰۰۰ تومان
آپارتمان 150 متر 3 خواب,,آپارتمان 3 خواب به متراژ 150 در بهترین نقطه اول بلوار طلائیه خیابان مشکل گشا  صفر کلید نخورده بفروش میرسد مشاور شما مجید زندی املاک دشتستان,,150,1401,3,True,True,True,"<div class=""kt-page-title__subtitle kt-page-title__subtitle--responsive-sized"">۴ ساعت پیش در شیراز، عادل‌آباد (بلوار عدالت)</div>",۳٬۴۵۰٬۰۰۰٬۰۰۰ تومان
اپارتمان  شاه پریون,,"بهترین لوکیشن شاه پریون 
کوچه نگهبانی دار 
تک واحدی،کار شده با بهترین متریال 
با املاک محترم همکاری نمیشود",,280,1399,3,True,True,True,"<div class=""kt-page-title__subtitle kt-page-title__subtitle--responsive-sized"">۴ ساعت پیش در شیراز، قصرالدشت</div>",۲۸٬۰۰۰٬۰۰۰٬۰۰۰ تومان
اپارتمان ۲۰۴ متر خیابان قصردشت,,"اپارتمان ۲۰۴ متر لوکس 
۳ خواب 
تک خواب مستر 
۱۸۰ متر مفید 
با پارکینگ و انباری 
طبقه همکف 
واحد شمالی
تخلیه و آماده تحویل 
با تراس های اختصاصی 
سند تک برگ مالکیت 
بهترین فرعی خیابان قصردشت 
حدفاصل فلکه قصردشت تا چهارراه زرگری 
قابل معاوضه با ملک  کلنگی مرغوب",,204,1396,3,True,True,True,"<div class=""kt-page-title__subtitle kt-page-title__subtitle--responsive-sized"">۴ ساعت پیش در شیراز، قصرالدشت</div>",۱۶٬۳۰۰٬۰۰۰٬۰۰۰ تومان
فروش آپارتمان 2 خوابه نورگیر جنوبی,,"فروش  2خوابه  جنوبی
متراژ:     100
طبقه :     1        
ساخت:    1395
کل طبقات:   4
تعداد خواب: 2          
آسانسور:         دارد
پارکینگ:          دارد
انباری:             دارد
قیمت :     2/600میلیارد 
آدرس:  شیراز: بلوار عدالت عرفان غربی 
️ قابلیت رهن از 300 تا 350میلیون  تخلیه فوری ️ 
بدون واسطه همکاران محترم",,100,1395,2,True,True,True,"<div class=""kt-page-title__subtitle kt-page-title__subtitle--responsive-sized"">۴ ساعت پیش در شیراز، شهرک سراج، بلوار عرفان غربی (بزرگراه امام خمینی)</div>",۲٬۶۰۰٬۰۰۰٬۰۰۰ تومان
آپارتمان ۳ خواب استقلال ۱۴۵ متری,,"((  مشاورین املاک آل وِر ))
  _ فروش آپارتمان ۳ خواب مستر دار
 واقع در شهرک استقلال   سند تک برگ ملکی
********************************************
شخصی ساز تکمیل 
طبقه همکف روی پارکینگ 
دارای پارکینگ اختصاصی
انباری  آسانسور ...
✅ تعداد اتاق :  ۳ 
✅ متراژ : ۱۴۵ متر

موارد مشابه متناسب با بودجه شما موجود می باشد برای اطلاعت بیشتر تماس بگیرید !
✔✔✔✔✔✔✔✔✔✔✔✔✔✔✔✔
مشاور شما : فرزانه",,145,1398,3,True,True,True,"<div class=""kt-page-title__subtitle kt-page-title__subtitle--responsive-sized"">۴ ساعت پیش در شیراز، شهرک گلستان، بلوار فرصتیان (بلوار جهاد)</div>",۴٬۳۲۰٬۰۰۰٬۰۰۰ تومان
آپارتمان سه خواب/تک واحدی/شخصی سازی,,"تک واحدی
زیر قیمت فروش منطقه 
خوش نقشه
نورگیر عالی
صفر خام 
تخفیف جزئی پای قولنامه 
در بهترین لوکیشن 
زارع املاک پلاک ک۹ستارخان",,200,1401,3,True,True,True,"<div class=""kt-page-title__subtitle kt-page-title__subtitle--responsive-sized"">۴ ساعت پیش در شیراز، ستارخان، کوچه ستارخان نهم (بلوار ستارخان)</div>",۱۰٬۸۰۰٬۰۰۰٬۰۰۰ تومان
۱۱۰متر جنوبی باغ حوض۱ب,,۲خواب سالن بزرگ خوش نقشه تمام جنوبی,,110,1388,2,True,True,True,"<div class=""kt-page-title__subtitle kt-page-title__subtitle--responsive-sized"">۴ ساعت پیش در شیراز، زرهی</div>",۴٬۰۰۰٬۰۰۰٬۰۰۰ تومان
دو خواب/مجتمع ۱۵ خرداد,,"با سلام
دو خواب
جنوبی
نورگیر
خواب ها با کمد
سند تک برگ

مجتمع ۱۵ خرداد
پارکینگ
آسانسور

با همکاران محترم املاک همکاری نمی شود",,105,1389,2,True,True,True,"<div class=""kt-page-title__subtitle kt-page-title__subtitle--responsive-sized"">۴ ساعت پیش در شیراز، شهرک والفجر</div>",۲٬۳۰۰٬۰۰۰٬۰۰۰ تومان
مجتمع ملکی سند دار,,"واقع در منطقه ی ملکی
سند تک برگ
دو خوابه
تکمیل و مرتب
کابینت MDF/گاز صفحه ای/پکیج/کمد دیواری/
سرویس ایرانی و فرنگی/

❌❌بدون واسطه❌❌",,115,1395,2,True,True,True,"<div class=""kt-page-title__subtitle kt-page-title__subtitle--responsive-sized"">۴ ساعت پیش در شیراز، شهر صدرا</div>",۲٬۰۲۰٬۰۰۰٬۰۰۰ تومان
دو خوابه جنوبی ویو ابدی,,"سلام

واحد فوق واقع در بلوار اردیبهشت نزدیک به جاده جدید صدرا از مجتمع خورشید میباشد ،با چشم اندازی ابدی . 

پارکینگ محوطه

نگبانی ۲۴ساعته
دریاچه مصنوعی
نورگیر عالی
خوش نقشه
از بهترین بلوک 

کلید بنگاه

تخفیف پای معامله.

مشاور شما امید خالقپور",,100,1401,2,True,True,True,"<div class=""kt-page-title__subtitle kt-page-title__subtitle--responsive-sized"">۴ ساعت پیش در شیراز، شهر صدرا</div>",۱٬۹۲۰٬۰۰۰٬۰۰۰ تومان
فروش مسکن مهر 2خواب صدرا,,"کابینت ام دی اف های گلاس

هود لمسی

گاز صحفه ای

اطلاعات و بازدید تماس لطفا


مشاور شما :  جمشیدی",,90,1396,2,True,True,True,"<div class=""kt-page-title__subtitle kt-page-title__subtitle--responsive-sized"">۴ ساعت پیش در شیراز، شهر صدرا</div>",۱٬۶۵۰٬۰۰۰٬۰۰۰ تومان
فرش اپارتمان صدرا به صورت امتیاز,,ولایت ماهور بنیاد,,80,1401,2,True,True,True,"<div class=""kt-page-title__subtitle kt-page-title__subtitle--responsive-sized"">۴ ساعت پیش در شیراز، شهر صدرا</div>",۱۶۰٬۰۰۰٬۰۰۰ تومان
آپارتمان/ ۱۰۵ متر/دو خواب/شخصی ساز,,"با سلام


فروش یک دستگاه آپارتمان دو خواب در حال ساخت



✅️شخصی ساز
✅️دو خواب
✅️جنوبی
✅️بدون پرتی و قناسی
✅️۵۰ متر فاصله تا خیابان اصلی
✅️دسترسی آسان به کلیه خدمات رفاهی


       ❌ جهت کسب اطلاعات بیشتر تماس بگیرید❌
___________________________________________________


مشاور شما: طالبی



                    مشاورین املاک مهراز

آدرس: بلوار گلستان خیابان امام مهدی نبش کوچه ۵",,105,1401,2,True,True,True,"<div class=""kt-page-title__subtitle kt-page-title__subtitle--responsive-sized"">۴ ساعت پیش در شیراز، محله انجیر (کلبه)</div>",۲٬۳۰۰٬۰۰۰٬۰۰۰ تومان
فرهنگشهر 150متر 3خوابه پلان بی نقص,,"⭐⭐زیر قیمت فقط تا آخر هفته⭐⭐

✅فرهنگشهر 150متر 3خوابه آفتابگیر
✅مجتمع بسیار لوکس با ساکنین اصیل

⭐پلان مهندسی و بسیار خوش  چیدمان
⭐دارای تراس کاربردی و قابل چیدمان
⭐همه  فضاها  دارای  نور  مستقیم
⭐متریال کاربردی فوق  لوکس",,150,1395,3,True,True,True,"<div class=""kt-page-title__subtitle kt-page-title__subtitle--responsive-sized"">۴ ساعت پیش در شیراز، فرهنگ شهر</div>",۴٬۹۹۰٬۰۰۰٬۰۰۰ تومان
فروش.معالی اباد.بهاران.150متر,,"بازسازی شده صفرتا صد میباشد
دو بر نورگیر
هر 3 خواب با نور مستقیم
نزدیک به خیابان معالی اباد و فرهنگ شهر
با دسترسی آسان به کلیه امکانات رفاهی
برای اطلاع بیشتر تماس بگیرید",,150,1395,3,True,True,True,"<div class=""kt-page-title__subtitle kt-page-title__subtitle--responsive-sized"">۴ ساعت پیش در شیراز، معالی‌آباد</div>",۶٬۶۵۰٬۰۰۰٬۰۰۰ تومان
230متر تمام مستر تک واحدی صفر قصرالدشت,,"درود فراوان
✅فروش اپارتمان شخصی ساز
✅در یکی از بهترین کوچه های قصرالدشت
✅ارام وبدون تردد. ویو ابدی به کوه مادر وچمران
مجموعه 4 واحدی
✅نما کلاسیک اروپایی حجمی. استفاده شده از مرغوبترین نوع سنگ.و استفاده از خلاقیت که جلوه خاص و زیبایی به بنا داده 
✅3 خوابه مستر دار
✅مجهز به سیستم هوشمند وچیلر مرکزی
✅ 2 سالن tvroomوپذیرایی
✅دوبر تراس باربیکیو 
✅پشت بام فضای سبز 
✅مشاعت کامل سنگ 
تمام واحد غرق در نور
اشپزخانه بزرگ ووسیع
خواهشا به هیچ عنوان املاک تماس نگیرد. 
لطفا فقط تماس 
ممنون.",,220,1401,3,True,True,True,"<div class=""kt-page-title__subtitle kt-page-title__subtitle--responsive-sized"">۴ ساعت پیش در شیراز، قصرالدشت</div>",۲۱٬۰۰۰٬۰۰۰٬۰۰۰ تومان
فروش آپارتمان کلیدنخورده تک‌واحدی در مشیرغربی,,"✅✅مشاورین املاک آسان مسکن✅✅
☑️فروش آپارتمان نوساز سه خوابه تک واحدی نور جنوبی
☑️تکمیل
☑️کاغذ دیواری،کابینت،پکیج، نورپردازی
☑️کلیدنخورده
☑️واقع در محدوده سی متری سینماسعدی_مشیرغربی
☑️کوچه بن بست و آرام
❗به دلیل فروش فوری زیر قیمت منطقه
❌آدرس دقیق و هماهنگی برای بازدید فقط و فقط با مراجعه حضوری به دفتر املاک
...........
✅✅مشاورین املاک آسان مسکن✅✅
آدرس دفتر: تقاطع سی متری سینماسعدی و مشیرغربی،نبش مشیرغربی یکطرفه",,156,1400,3,True,True,True,"<div class=""kt-page-title__subtitle kt-page-title__subtitle--responsive-sized"">۴ ساعت پیش در شیراز، خلدبرین، خیابان مشیرغربی (خ. انقلاب اسلامی)</div>",۵٬۸۰۰٬۰۰۰٬۰۰۰ تومان
ستارخان 190متر تراس کاربردی بدون مشرف,,":::::::::::::::::::::::::::
::::: املاک اول :::::
:::::::::::::::::::::::::::

✅قویترین لوکیشن ستارخان
✅190متر، 3خوابه، غرق نور
✅تراس بزرگ بدون مشرف

⭐پلان مهندسی و بسیار خوش چیدمان
⭐سالن و خوابها همگی آفتابگیر

⭐متریال استثنایی و فوق العاده عالی
⭐فرعی دنج با دسترسی عالی

::::::::::::::::::::::::::::::::::::::::
✅کارشناس فروش: سحر فرهنگ

املاک اول / قدوسی غربی

⬅️مشتری عزیز و بازدید کننده گرامی، شما میتوانید با مراجعه به گزینه ""اطلاعات و همه آگهی های مشاورین املاک اول""، به تمامی اطلاعات و موجودی فایلهای به روز شده ""املاک اول"" دسترسی داشته باشید و در کمترین زمان، بهترین گزینه مورد دلخواه خود را انتخاب نمایید.",,190,1401,3,True,True,True,"<div class=""kt-page-title__subtitle kt-page-title__subtitle--responsive-sized"">۴ ساعت پیش در شیراز، ستارخان</div>",۱۴٬۲۴۹٬۰۰۰٬۰۰۰ تومان
آپارتمان 147متری,,"***بانک اطلاعاتی املاک سعادت*** 

واحد اپارتمانی واقع در فرهنگیان خیابان پوربهمن 
قیمت3.970
✅دکوراسیون عالی.
✅8واحده
✅ کابینتmdf
✅لوستر و پرده بسیار شیک
✅کمد دیواری سرتاسر
✅ اشپزخانه بزرگ
✅نورگیری عالی
✅سند تک برگ
✅وام 250 روی سند هست 
✅موقعیت جنوبی
✅طبقه 3
✅کف سرامیک
✅پکیج 
✅بدون مشرفیت 
****موارد مشابه موجود میباشد.**** 
◾️به دلیل تماسهای بالا تمام مکالمات خود را خلاصه بفرمایید و برای مشاوره بیشتر به دفتر املاک حضوری مراجعه نمایید. 
{{مشاور شما: طهماسبی }}",,147,1397,2,True,True,True,"<div class=""kt-page-title__subtitle kt-page-title__subtitle--responsive-sized"">۴ ساعت پیش در شیراز، فرهنگیان</div>",۳٬۹۷۰٬۰۰۰٬۰۰۰ تومان
آپارتمان دو خواب معالی اباد,,"درود فراوان …
(فروش فوری ‎
آپارتمان دو خواب بهاران
جنوبی رو به حیاط 
صفر تا صد باز سازی شده
کم واحدی شخصی ساز
تاپ لوکیشن
خوش نقشه
بسیار نور گیر 
سند اماده انتقال 
دسترسی عالی به تمامی امکانات رفاهی 
آدرس این فایل فقط درمراجعه حضوری شما
‏مورد مشابه دو خواب و سه خواب موجود می باشد 
ادرس: فرهنگ شهر نبش کسایی املاک یکان 
فاضل تاتی 
***********
***********",,100,1390,2,True,True,True,"<div class=""kt-page-title__subtitle kt-page-title__subtitle--responsive-sized"">۴ ساعت پیش در شیراز، معالی‌آباد</div>",۴٬۲۰۰٬۰۰۰٬۰۰۰ تومان
مسکن مهر فاز یک,,"دو خواب تکمیل 
بلوار فردوسی 
سازه بتن 
شمالی 
در اختیار مستاجر تا خرداد 

بازدید محدود با هماهنگی قبلی 

محمدی",,85,1394,2,True,True,True,"<div class=""kt-page-title__subtitle kt-page-title__subtitle--responsive-sized"">۴ ساعت پیش در شیراز، شهر صدرا</div>",۱٬۶۹۵٬۰۰۰٬۰۰۰ تومان
آپارتمان ۹۵متری،۲خوابه,,فروش واحد فوق لوکس،ملکی،سند تک برگ،تخلیه اماده سکونت،,,95,1398,2,True,True,True,"<div class=""kt-page-title__subtitle kt-page-title__subtitle--responsive-sized"">۴ ساعت پیش در شیراز، شهر صدرا</div>",۲٬۷۰۰٬۰۰۰٬۰۰۰ تومان
سه خوابه 1402 واقع در منوچهری,,"« به نام خدا » 
کوچه آرام و بن بست 
صفر  ، سند 1402
خوش نقشه عالی 
نورگیر جنوبی 
اماده تحویل 
متریال درجه یک 

املاک آگاه 
مشاور : آذری",,164,1401,3,True,True,True,"<div class=""kt-page-title__subtitle kt-page-title__subtitle--responsive-sized"">۴ ساعت پیش در شیراز، وصال</div>",۴٬۴۸۰٬۰۰۰٬۰۰۰ تومان
۱۸۰ متر۳خ/تاپ لوکیشن قدوسی شرقی/خوش نقشه/نماترکیبی,,"♦️مشاورشما:زاهدیان♦️

       کارشناسان املاک و مستغلات رویای من
                        (شعبه مرکزی)

✔️۱۸۰ متری ۳ خواب مستردار
✔️تاپ لوکیشن قدوسی شرقی
✔️نما ترکیبی با نورپردازی و شیک 
✔️مشاعات عالی کار شده
✔️خوش نقشه
✔️نورگیر جنوبی و شمالی
✔️بدون مشرف
✔️سالن بزرگ کناف و نورپردازی
✔️آشپزخانه فرنیش و متریال فوق العاده
✔️پرده
✔️لوستر
✔️اسپیلت
✔️کمد دیواری تمام اطاقها 
✔️سند آماده انتقال

                   ♦️بازدید = پسندیدن♦️",,180,1401,3,True,True,True,"<div class=""kt-page-title__subtitle kt-page-title__subtitle--responsive-sized"">۴ ساعت پیش در شیراز، قدوسی شرقی</div>",۹٬۸۵۰٬۰۰۰٬۰۰۰ تومان
فروش آپارتمان نوساز ۳خوابه تک‌واحدی در سینماسعدی,,"✅مشاورین املاک آسان مسکن✅
☑️واقع در محدوده سی متری سینما سعدی _مشیر غربی
☑️فروش آپارتمان سه خوابه تک‌واحدی
☑️نور جنوبی
☑️کلیدنخورده
☑️تکمیل
☑️کابینت،پکیج،کاغذدیواری،نورپردازی
☑️کوچه بن بست و آرام
❗زیر قیمت منطقه
❌آدرس دقیق و هماهنگی برای بازدید فقط و فقط با مراجعه حضوری به دفتر املاک❌
......
✅مشاورین املاک آسان مسکن✅
آدرس دفتر: تقاطع سی متری سینماسعدی و مشیرغربی، نبش مشیر غربی یکطرفه",,157,1400,3,True,True,True,"<div class=""kt-page-title__subtitle kt-page-title__subtitle--responsive-sized"">۴ ساعت پیش در شیراز، زند، خیابان مشیر غربی هفتم (خ. مشیرغربی)</div>",۵٬۸۰۰٬۰۰۰٬۰۰۰ تومان
سه خواب/کلید نخورده/تک واحدی,,"✅مشاورین املاک مشاهیر✅
↩️۱۶۲ متر
↩️سه خواب
↩️کلید نخورده
↩️تک واحدی
↩️مستردار
↩️سالن بزرگ و دلباز
↩️خوش نقشه
↩️بهترین لوکیشن منطقه
↩️دسترسی اسان
↩️نورگیر عالی
مشاور شما:کیانی",,162,1397,3,True,True,True,"<div class=""kt-page-title__subtitle kt-page-title__subtitle--responsive-sized"">۴ ساعت پیش در شیراز، عفیف‌آباد</div>",۸٬۸۵۰٬۰۰۰٬۰۰۰ تومان
۱۷۷متر/سه خواب/برستارخان,,"✅مشاورین املاک مشاهیر✅
↩️۱۷۷ متر
↩️سه خواب
↩️سالن بزرگ و دلباز
↩️استخر
↩️سونا
↩️سالن اجتماعات
↩️بازسازی شده
↩️بهترین لوکیشن منطقه
↩️خوش نقشه
↩️تراس 
↩️دسترسی اسان
↩️ویو ابدی
مشاورشما:کیانی",,177,1385,3,True,True,True,"<div class=""kt-page-title__subtitle kt-page-title__subtitle--responsive-sized"">۴ ساعت پیش در شیراز، ستارخان</div>",۶٬۲۰۰٬۰۰۰٬۰۰۰ تومان
سه خواب/ویو باغ/قدوسی غربی,,"✅مشاورین املاک مشاهیر✅
↩️سه خواب
↩️ویو ابدی باغ
↩️تراس
↩️سالن بزرگ و دلباز
↩️دسترسی اسان
↩️بهترین لوکیشن منطقه
↩️نورگیر بینظیر
↩️کارهای مربوط به نصب اسانسور هم در حال اجرا میباشد
مشاور شما:کیانی",,144,1388,3,False,False,False,"<div class=""kt-page-title__subtitle kt-page-title__subtitle--responsive-sized"">۴ ساعت پیش در شیراز، قدوسی غربی</div>",۴٬۶۵۰٬۰۰۰٬۰۰۰ تومان
آپارتمان دو خواب کوی وحدت,,"درود فراوان …
(فروش فوری )
آپارتمان دو خواب فرهنگ شهر کوی وحدت 
نما ترکیبی 
دارای نور بسیار عالی 
بسیار خوش نقشه ‎
تاپ لوکیشن 
سند ملکی اماده انتقال 
کم واحدی 
دسترسی عالی به تمامی امکانات رفاهی 
آدرس این فایل فقط درمراجعه حضوری شما
‏مورد مشابه دو خواب و سه خواب موجود می باشد 
ادرس: فرهنگ شهر نبش کسایی املاک یکان 
فاضل تاتی 
***********
***********",,140,1398,2,True,True,True,"<div class=""kt-page-title__subtitle kt-page-title__subtitle--responsive-sized"">۴ ساعت پیش در شیراز، فرهنگ شهر</div>",۵٬۶۰۰٬۰۰۰٬۰۰۰ تومان
آپارتمان/103متر/2خواب/عرفان غربی,,"✅ هر سقفی خانه نیست ✅
⛔ بدون واسطه همکاران محترم ⛔
________________________________
⚜ مشاورین امـلاک ایوان⚜
آدرس دفتر :پاسارگاد شرقی
________________________________
✔️ 103متر2خواب
✔️ کابینت . هود . کمد دیواری . کاغذدیواری و...
✔️ نورگیر عالی 
✔️ سالن بزرگ 
✔️ ساختمان کم واحد
✔️ لوکیشین عالی 
✔️ محیط آرام و دلنشین
______________________________
⚜مشاورین امـلاک ایوان۳⚜",,103,1395,2,True,True,True,"<div class=""kt-page-title__subtitle kt-page-title__subtitle--responsive-sized"">۴ ساعت پیش در شیراز، عادل‌آباد (بلوار عدالت)</div>",۲٬۶۷۰٬۰۰۰٬۰۰۰ تومان
150 متر دوخواب صفر کلید نخورده با آرشیتِکت مطرح,,"✖️ فـروش آپـارتمان ✖️

⭕️ بهترین گزینه برای سرمایه گذاری.
⭕️ محدوده آرام و اصیل نشین.  
⭕️ فروشنده واقعی آماده قرارداد.
⭕️ متراژ سالن و اتاق ها باور نکردنی.

➖ موقعیت مکانی ارم. 

✅ اولویت با اولین مشتری میباشد . 

❌ قابلیت رهن کامل تا مبلغ 750 میلیون تومان ❌

با یک تماس از مـشاوره رایـگان ملکی بهره‌مند شوید . 
______________________________________

امـلـاکـ جــوان
اطـلسی بلوار هـجرت نبش خ صـوراسرافیل ( آریا )

خدمتگذار شما در امور ملکی ؛ شاهرخ داودی",,150,1390,2,True,True,True,"<div class=""kt-page-title__subtitle kt-page-title__subtitle--responsive-sized"">۴ ساعت پیش در شیراز، ارم</div>",۸٬۳۰۰٬۰۰۰٬۰۰۰ تومان
قصرالدشت/۲۰۰متر/تک‌واحد/ویو‌/تراس‌قابل‌چیدمان,,"به نام خدا
________
◀️واحد فوق در یکی از بهترین لوکیشن های خیابان قصرالدشت واقع شده
◀️کوچه دنج و مشجر
◀️دسترسی راحت از چند مسیر 

✔️سازه ایی بسیار خوش نقشه و خوش ساخت
✔️نقشه تفکیکی و بدون پرتی
✔️سالن بزرگ با پنجره های قدی
✔️نورگیر چند جهته و تمام روز
✔️خواب های بزرگ و مستردار
✔️مستر های بزرگ و جکوزی خور
✔️تراس بزرگ و قابل چیدمان
✔️اشپزخانه تمیز و کثیف
✔️لاندری و کلوزت روم

❌مالک منعطف و فروشنده

☑️اطلاعات بیشتر و موارد مشابه تماس بگیرید",,200,1401,3,True,True,True,"<div class=""kt-page-title__subtitle kt-page-title__subtitle--responsive-sized"">۴ ساعت پیش در شیراز، قصرالدشت</div>",۱۸٬۹۲۰٬۰۰۰٬۰۰۰ تومان
امتیاز آپارتمان دو خوابه ماهور سه 110متری,,"فروش امتیاز دو خوابه شما در ماهور سه صدرا
فروش همه امتیاز آپارتمان شما در شهر صدرا
فروش همه امتیاز افتتاح حساب شما در شهر صدرا
با آورده اولیه 40میلیونی..............
تعهد و تضمین انتقال سند ..........................
قرارداد محظهری .......‌................................
لطفاً برای کنجکاوی تماس نگیرید...................
فقط فروشنده واقعی تماس..........
با تشکر از تماس شما.............",,110,1401,2,True,True,True,"<div class=""kt-page-title__subtitle kt-page-title__subtitle--responsive-sized"">۴ ساعت پیش در شیراز، شهر صدرا</div>",۱۵۰٬۰۰۰٬۰۰۰ تومان
آپارتمان ۲خ ۱۰۵ متری واقع در باهنر جنوبی,,"****************مشاور املاک اعتماد****************
✅نورگیر شمالی جنوبی 
✅واحد تمیز و مرتب بدون خرج 
✅کابینت های گلس و کاغذ دیواری نو 
✅پرده نو 
✅واحد تخلیه 
✅ساختمان واحد 
✅فروش فوری 
✅جهت اطلاعات بیشتر تماس بگیرید 
_______________________________________________
                ❗موارد مشابه موجود است❗ 
_______________________________________________
        ⚜️از اراده تا انتخاب مشاورتان هستیم⚜️ 
_______________________________________________
آدرس دفتر : خیابان سراج 
مشاور شما : دهقانی لاری",,105,1396,2,True,True,True,"<div class=""kt-page-title__subtitle kt-page-title__subtitle--responsive-sized"">۴ ساعت پیش در شیراز، شهرک سراج</div>",۳٬۳۰۰٬۰۰۰٬۰۰۰ تومان
۴۲۰متر قصردشت چهار خواب صفر,,"درود
✅️۴۲۰ متر باچهار خواب کم نظیر چشم اندازی زیبا و ابدی 
↩️مشاعات آبی تکمیل سالن ورزشی با تمام امکانات 
↩️استفاده از بهترین و جدید ترین مصالح ساختمانی
✅️مکی هستم.
⭐️شادتون روز افزون روزیتون فراوان⭐️",,420,1401,4,True,True,True,"<div class=""kt-page-title__subtitle kt-page-title__subtitle--responsive-sized"">۴ ساعت پیش در شیراز، قصرالدشت</div>",۴۵٬۰۰۰٬۰۰۰٬۰۰۰ تومان
آپارتمان ۱۰۸ متری دو خواب فرهنگ شهر,,"درود 
آپارتمان دو خواب ۱۰۸ متری 
سالن بزرگ نسبت به متراژ 
هر دو خواب نور مستقیم 
تکمیل با متریال درجه ۱
نما ترکیبی سنگ و چوب 
آپارتمان شخصی ساز هر طبقه ۲ واحد 
دسترسی عالی به خیابان اصلی",,108,1398,2,True,True,True,"<div class=""kt-page-title__subtitle kt-page-title__subtitle--responsive-sized"">۴ ساعت پیش در شیراز، فرهنگ شهر</div>",۵٬۲۰۰٬۰۰۰٬۰۰۰ تومان
آپارتمان ۲۲۵متری /۳خوابه/تک واحدی/قصردشت,,"✓درود بیکران عرض ادب و احترام✓
_______________________________
آپارتمان ۲۲۵,متری ۳خوابه تک واحدی قصردشت
__________________________________________
✓۲خواب مستر✓

✓کاغذدیواری ضداب✓

✓هر۳خواب کمد دیواری عمقی✓

✓۲پارکینگ✓

✓نورپردازی/کف پارکت✓

✓فوق العاده خوش نقشه✓

✓سندتک برگ ملکی✓

✓مالک فروشنده واقعی✓

✓مشاورشما.اقای دهقانی✓",,225,1391,3,True,True,True,"<div class=""kt-page-title__subtitle kt-page-title__subtitle--responsive-sized"">۴ ساعت پیش در شیراز، قصرالدشت</div>",۹٬۶۷۰٬۰۰۰٬۰۰۰ تومان
فروش آپارتمان سه خوابه،فرهنگ شهر,,"فروش آپارتمان سه خوابه/ مستر دار/ دارای سالن بزرگ/ دارای دو تراس اختصاصی/آشپزخانه بزرگ/ساختمان دارای سرایداری ۲۴ ساعته/تخفیف به مشتری واقعی
“برای اطلاعات بیشتر لطفا تماس بگیرید”",,172,1396,3,True,True,True,"<div class=""kt-page-title__subtitle kt-page-title__subtitle--responsive-sized"">۴ ساعت پیش در شیراز، فرهنگ شهر</div>",۷٬۰۰۰٬۰۰۰٬۰۰۰ تومان
سه خواب /ویو باغ /جنوبی/محلاتی,,"✔مشاورین املاک مشاهیر✔
⬅️سه خوابه
⬅️ویو ابدی باغ
⬅️جنوبی 
⬅️اسانسور در حال عقد قرارداد
⬅️موقعیت عالی برای سرمایه گذاری
         ✔موارد مشابه موجود می باشد✔",,144,1380,3,False,False,False,"<div class=""kt-page-title__subtitle kt-page-title__subtitle--responsive-sized"">۴ ساعت پیش در شیراز، قدوسی غربی</div>",۴٬۷۰۰٬۰۰۰٬۰۰۰ تومان
دوخواب/۱۲۴متری/بر قدوسی غربی/ملکی,,"✔مشاورین املاک مشاهیر✔
⬅️دو خواب
⬅️تراس بزرگ
⬅️جنوبی
⬅️بر قدوسی غربی
⬅️تاپ لوکیشن 
        ملک کارشناسی شده و به قیمت",,124,1385,2,True,True,True,"<div class=""kt-page-title__subtitle kt-page-title__subtitle--responsive-sized"">۴ ساعت پیش در شیراز، قدوسی غربی</div>",۴٬۸۰۰٬۰۰۰٬۰۰۰ تومان
اپارتمان دوستان معالی اباد ۱۷۰ متر,,"*بدون واسطه همکاران گرامی*

دارای سه خواب
جنوبی
طبقه چهارم
بازسازی شده و شیک
غرق در نور
کوچه بن بست 
مالک فروشنده واقعی

مشاور شما:وحید رحمتی",,170,1390,3,True,True,True,"<div class=""kt-page-title__subtitle kt-page-title__subtitle--responsive-sized"">۵ ساعت پیش در شیراز، معالی‌آباد</div>",۶٬۹۵۰٬۰۰۰٬۰۰۰ تومان
فروش، آپارتمان زک خوابه,,آپارتمان یک خوابه واقع دربهترین لوکیشن منطقه تاپ لوکیشن ۳۰متری تمام امکانات رفاهی ایستگاه مترو سوپری نانوایی میوه فروشی وسایر امکانات,,75,1398,1,True,True,True,"<div class=""kt-page-title__subtitle kt-page-title__subtitle--responsive-sized"">۵ ساعت پیش در شیراز، عادل‌آباد (بلوار عدالت)</div>",۲٬۱۶۰٬۰۰۰٬۰۰۰ تومان
آپارتمان سه خواب بهشتی,,"درود فراوان …
(فروش فوری )
آپارتمان سه خواب حسینی الهاشمی 
دارای نور بسیار عالی 
بسیار خوش نقشه ‎
شخصی ساز 
خام صفر 
تاپ لوکیشن 
سند ملکی 
دسترسی عالی به تمامی امکانات رفاهی 
آدرس این فایل فقط درمراجعه حضوری شما
‏مورد مشابه دو خواب و سه خواب موجود می باشد 
ادرس: فرهنگ شهر نبش کسایی املاک یکان 
فاضل تاتی 
***********
***********",,210,1401,3,True,True,True,"<div class=""kt-page-title__subtitle kt-page-title__subtitle--responsive-sized"">۵ ساعت پیش در شیراز، شهرک شهید بهشتی</div>",۴٬۹۰۰٬۰۰۰٬۰۰۰ تومان
۱۱۰متر دو خواب تکمیل نزدیک خیابان,,"درود 

فروش واحد ۱۱۰متر 
در مجموعه شخصی ساز کم واحد
نزدیک بلوار اصلی فرهنگشهر

دو خوابه 
سالن بزرگ دلباز
خوش نقشه بدون پرتی

نورگیر مستقیم
اتاق های بزرگ با کمد دیواری و تراس
بدون ریالی خرج
 
تا شهریور ماه رهن و اجاره میباشد.
مناسب مصرف کننده واقعی

حیدری
املاک مهر ۲۷ فرهنگشهر",,110,1397,2,True,True,True,"<div class=""kt-page-title__subtitle kt-page-title__subtitle--responsive-sized"">۵ ساعت پیش در شیراز، فرهنگ شهر</div>",۵٬۲۰۰٬۰۰۰٬۰۰۰ تومان
تک واحد 220متری/کلید نخورده/پنجره‌ قدی‌ ویودار,,"“میدانیم که حاصل دسترنج خود را برای اسکان آورده‌اید، پس خود را مسئول میدانیم”

کارشناس فروش: مهدوی 

✅ قصرالدشت تک واحدی ۲۲۰متری 
✅ صفر کلیدنخورده 
✅ سه خواب بزرگ مستر دار 
✅ سالن بزرگ غرق نور با پنجره های قدی
✅ دارای دو پارکینگ (یک پارکینگ در سند است)
✅ تراس قابل چیدمان

آدرس دفتر:
قصرالدشت، سه راه عفیف آباد، جنب فرش حجازی، ساختمان کیمیا طبقه اول",,220,1401,3,True,True,True,"<div class=""kt-page-title__subtitle kt-page-title__subtitle--responsive-sized"">۵ ساعت پیش در شیراز، قصرالدشت</div>",۱۲٬۰۰۰٬۰۰۰٬۰۰۰ تومان
آپارتمان صفر سند ملکی۱۳۷ متری تاچارا,,"آپارتمان خوش نقشه
سند ملکی
صفرکلید نخورده خام
نما و مشاعات تمام سنگ
شخصی ساز
نزدیک به خیابان اصلی
بهترین فرعی تاچارا
حیاط اختصاصی
بدون فضای پرت و قناس

**موارد مشابه موجود میباشد**

مشاور:مهندس قربانی
ادرس املاک دالاهو:معالی آباد،نبش کوچه۱۷،پاساژ نغمه",,137,1401,2,True,True,True,"<div class=""kt-page-title__subtitle kt-page-title__subtitle--responsive-sized"">۵ ساعت پیش در شیراز، تاچارا</div>",۵٬۱۰۰٬۰۰۰٬۰۰۰ تومان
آپارتمان دو خواب,,"دو خوابه 
تماما جنوبی 
دارای پارکینگ اختصاصی و انباری
سند آزاد 
مشاورین املاک محترم همکاری نمیشود",,82,1390,2,True,True,True,"<div class=""kt-page-title__subtitle kt-page-title__subtitle--responsive-sized"">۵ ساعت پیش در شیراز، شهرک امام رضا (فرگاز)</div>",۲٬۱۶۰٬۰۰۰٬۰۰۰ تومان
آپارتمان ۱۴۲ متر فرهنگ شهر,,"فروش آپارتمان به متراژ ۱۴۲ متر دو خوابه در بهترین لوکیشن فرهنگ شهر واحد جنوبی لوکس و مرتب تکمیل کابینت هایگلاس سرمایش اسپیلت گرمایش شوفاژ کاغذ دیواری نور گیر عالی ویو فوقوالعاده قیمت عالی.
مشاور املاک((روشن))",,142,1392,2,True,True,True,"<div class=""kt-page-title__subtitle kt-page-title__subtitle--responsive-sized"">۵ ساعت پیش در شیراز، فرهنگ شهر</div>",۵٬۴۰۰٬۰۰۰٬۰۰۰ تومان
170 متری سه خواب,,"با درود فراوان

سالن بزرگ 
نورگیر عالی
بهترین سرمایه گذاری
سر دونبش
نما سنک سفید
تخفیف پای معامله

با عرض پوزش با املاک همکاری نمیشود.",,170,1401,3,True,True,True,"<div class=""kt-page-title__subtitle kt-page-title__subtitle--responsive-sized"">۵ ساعت پیش در شیراز، شهرک شهید بهشتی، کوچه خسرو آزادی ده</div>",۴٬۹۰۰٬۰۰۰٬۰۰۰ تومان
۲۰۰ متری سه خواب مستر,,"فروش واحد سه خواب 

آپارتمان بسیار شیک در معالی آباد
۸طبقه ۱۵واحدی 
دارای سراسر نور 
سه خواب قابل چیدمان
تراس بزرگ 
متریال ساختمان برند و وارداتی 
این واحد فراتر از تصور شماست
(بازدید واحد به صورت محدود در ساعات خاص )

 جهت هماهنگی بازدید خریداران باید با شماره زیر 
***********
***********
***********
فقط تماس بگیرین

فروش بدون واسطه 

گوران مشاور خرید شما",,200,1401,3,True,True,True,"<div class=""kt-page-title__subtitle kt-page-title__subtitle--responsive-sized"">۵ ساعت پیش در شیراز، معالی‌آباد</div>",۱۳٬۰۰۰٬۰۰۰٬۰۰۰ تومان
آپارتمان/165متری/3خواب/فرگاز,,"✅ هر سقفی خانه نیست ✅
⛔ بدون واسطه همکاران محترم ⛔
________________________________
⚜ مشاورین امـلاک ایوان⚜
آدرس دفتر :پاسارگاد شرقی
________________________________
✔️165متری3خواب
✔️ کابینت . هود . گاز صفحه ای . کاغذدیواری و...
✔️ نورگیر عالی 
✔️ سالن بزرگ 
✔️ ساختمان کم واحد
✔️ لوکیشین عالی 
✔️ محیط آرام و دلنشین
______________________________
⚜مشاورین امـلاک ایوان۳⚜",,165,1397,3,True,True,True,"<div class=""kt-page-title__subtitle kt-page-title__subtitle--responsive-sized"">۵ ساعت پیش در شیراز، شهرک امام رضا (فرگاز)</div>",۴٬۷۳۰٬۰۰۰٬۰۰۰ تومان
۲خواب سالن بزرگ،بازسازی کامل، پاسداران,,"______فروش آپارتمان 128متری پاسداران ______

☑️سند ملکی
☑️ واحد ۳بر نورگیر 
☑️بدون مشرفیت
☑️ سالن و آشپزخانه بزرگ
☑️خوابهای بزرگ و کمدهای جادار


⭕ جهت اطلاعات بیشتر و هماهنگی بازدید تماس بگیرید

⚜️مشاور ملکی شما: فرزان شوقی⚜️
⚜️املاک آراز قدوسی غربی روبروی کوچه ۱۸⚜️",,128,1393,2,True,True,True,"<div class=""kt-page-title__subtitle kt-page-title__subtitle--responsive-sized"">۵ ساعت پیش در شیراز، قدوسی شرقی</div>",۵٬۰۰۰٬۰۰۰٬۰۰۰ تومان
آپارتمان 100 متری دو خوابه,,"دو خوابه جنوبی لوکس بدون مشرف
سالن خوش نقشه
بر بلوار فردوسی
نورگیر و آفتابگیر
بدون واسطه و همکاران محترم
کارگزار خانم صالحی
مولانا، بلوار ارم ساختمان آریا املاک آداک",,100,1397,2,True,True,True,"<div class=""kt-page-title__subtitle kt-page-title__subtitle--responsive-sized"">۵ ساعت پیش در شیراز، شهر صدرا</div>",۱٬۷۵۰٬۰۰۰٬۰۰۰ تومان
اپارتمان وحدت بتن ۷۰ متر,,"ملکی
سنددار
تخلیه
درصورت کمبود پول ۱۵۰رهن داده میشود
جنوبی نورگیرعالی
اکیدا بدون واسطه",,70,1392,1,True,True,True,"<div class=""kt-page-title__subtitle kt-page-title__subtitle--responsive-sized"">۵ ساعت پیش در شیراز، شهر صدرا</div>",۱٬۵۰۰٬۰۰۰٬۰۰۰ تومان
صدرامولانا.3خواب ملکی اداری,,"▪️بلوارمولانا.
▪️3خواب.شخصی ساز
▪️ملکی. بربلواراصلی.
▪️بدون مشرف.
▪️سه بر. سه تراسه.
▪️مستر دار.
▪️بسیارلوکس و استثنایی.
▪️موقعیت اداری.
▪️سندتک برگ.
(جهت کسب اطلاعات بیشتر تماس بگیرید)
❌چت وپیام پاسخگو نیستم❌
              پیروزوسربلندباشید.",,175,1395,3,True,True,True,"<div class=""kt-page-title__subtitle kt-page-title__subtitle--responsive-sized"">۵ ساعت پیش در شیراز، شهر صدرا</div>",۵٬۰۰۰٬۰۰۰٬۰۰۰ تومان
کوی وحدت دو خوابه ۱۳۸ متر فول امکانات,,"✅ فروش یک واحد ۱۳۸ متری دو خواب تکمیل ✅

◀️ بر بلوار پرستار
◀️ دوخوابه هر خواب ۲۰ متر
◀️ دو بالکن  سالن بزرگ خوش
◀️ نقشه غرق در نور
◀️ کابینت هایگلاس گاز و فر توکار
 ◀️ پکیج رادیات کولر آبی پرده کاغذ
◀️ دیواری کناف نور پردازی کف
◀️سرامیک پارگینگ وانبار
◀️ سند ملکی
◀️ واقع در طبقه ۴
◀️ سال ساخت ۹۸
◀️ تازه دکور شده
◀️ ۱۰ طبقه

 قیمت ۵/۸۰۰ میلیارد 

✅ قیمت قابل مذاکره ✅

✅ بدون واسطه ✅",,138,1398,2,True,True,True,"<div class=""kt-page-title__subtitle kt-page-title__subtitle--responsive-sized"">۵ ساعت پیش در شیراز، فرهنگ شهر</div>",۵٬۸۰۰٬۰۰۰٬۰۰۰ تومان
فروش دفتر کار و مطب با سند اداری بَر معدل شرقی,,"✅ فروش آپارتمان اداری جهت دفتر کار و مطب پزشکی ✅
◀️ با سند اداری تجاری
◀️ مجموعه کاملا اداری
◀️ بَر معدل شرقی با موقعیت عالی
◀️ واقع در بهترین نقطه اداری و تجاری شهر
◀️ بسیار خوش نقشه و شیک - بدون هیچ گونه خرج
◀️ جهت دفتر کار ، مطب پزشکی و تمام مشاغل مرتبط با امور اداری
◀️ سند تک برگ و شش دانگ اداری و تجاری
◀️ با پارکینگ اختصاصی
◀️ دارای دو خواب بزرگ
◀️ سالن بزرگ + آشپزخانه + سرویس حمام و دستشویی 
◀️ دارای فضای نورگیر جهت استفاده برای انباری
◀️ جهت واحد رو به خیابان اصلی
◀️ با قیمت عالی و ۱۰۰درصد تضمینی جهت سرمایه گذاری مطمئن
◀️ واحد تخلیه و آماده ی سکونت و استفاده

✅ لطفا فقط تماس - پیام و چت پاسخگو نیستم ✅

✅ بدون واسطه ✅",,120,1375,2,True,True,True,"<div class=""kt-page-title__subtitle kt-page-title__subtitle--responsive-sized"">۵ ساعت پیش در شیراز، ملاصدرا</div>",۴٬۵۰۰٬۰۰۰٬۰۰۰ تومان
قدوسی غربی آپارتمان سه خوابه تاپ لوکیشن منطقه,,"✅‌ مورد اُکازیون و استنثنایی جهت سرمایه گذاری و سکونت ✅
✅ تضمین ۱۰۰درصد سودآوری
✅ بهترین متراژ جهت سرمایه گذاری
✔ آپارتمان سه خوابه لوکس
✔ در بهترین نقطه قدوسی غربی
✔ با متراژ عالی
✔ نزدیک به خیابان اصلی
✔ دسترسی عالی به امکانات
✔ فول امکانات لوکس
✔ خوش نقشه
✔ تمام خواب ها نور مستقیم
✔ کابینت "" های گلاس ""
✔ شخصی ساز
✔ ۹ واحدی
✔ بهترین موقعیت مکانی جهت سکونت

✅ دیدن = پسندیدن ✅

✅ لطفا فقط تماس - پیام و چت پاسخگو نیستم ✅

✅ بدون واسطه ✅",,145,1390,3,True,True,True,"<div class=""kt-page-title__subtitle kt-page-title__subtitle--responsive-sized"">۵ ساعت پیش در شیراز، قدوسی غربی</div>",۷٬۵۰۰٬۰۰۰٬۰۰۰ تومان
جنگلی/ تک واحد/ 166متر/ کلید نخورده/ تجهیز‌شده,,"“میدانیم که حاصل دسترنج خود را برای اسکان آورده‌اید، پس خود را مسئول میدانیم”

کارشناس فروش: مهدوی
بهترین لوکیشن قصرالدشت جنگلی

✅ واحد فول تجهیز‌شده 166متر
✅ تک واحد کلید نخورده
✅ سالن بزرگ غرق نور با پنجره های قدی
✅ تجهیز شده با لوکس‌ترین متریال
✅ فرعی کم تردد و تاپ لوکیشن

آدرس دفتر:
قصرالدشت، سه راه عفیف آباد، جنب فرش حجازی، ساختمان کیمیا طبقه اول",,166,1398,3,True,True,True,"<div class=""kt-page-title__subtitle kt-page-title__subtitle--responsive-sized"">۵ ساعت پیش در شیراز، قصرالدشت</div>",۱۱٬۷۰۰٬۰۰۰٬۰۰۰ تومان
آپارتمان 173 متری، سه خوابه، فضل آباد,,"173 متر
ساخت 1041
سه خواب
طبقه چهارم، تک واحدی
دقت کنید که در فدک نیست و کوچه 12 فضل آباد هست
در حال حاضر مستاجر تا تیرماه هست.
فیلم واحد در  ارسال میشه

لطفا مشاور املاک تماس نگیرد",,173,1401,3,True,True,True,"<div class=""kt-page-title__subtitle kt-page-title__subtitle--responsive-sized"">۵ ساعت پیش در شیراز، فضل‌آباد، کوچه فضل‌آباد دوازده (کوچه رحمت پنجم)</div>",۵٬۳۰۰٬۰۰۰٬۰۰۰ تومان
فروش اپارتمان 140 متری نیایش,,"سلام
یک واحد اپارتمان واقع در نیایش
✅140 متر
✅2 خواب
✅واحد بسیار تمیز
✅ساختمان بسیار ارام
✅کوچه خلوت
                      لطفا املاک تماس نگیرد
                ❌ادرس فقط و فقط حضوری ❌",,140,1398,2,True,True,True,"<div class=""kt-page-title__subtitle kt-page-title__subtitle--responsive-sized"">۵ ساعت پیش در شیراز، نیایش</div>",۱۰٬۰۰۰٬۰۰۰٬۰۰۰ تومان
تک واحد205متری/صفرکلیدنخورده/سالن بزرگ/تاپ لوکیشن,,"""میدانیم که حاصل دسترنج خود را برای اسکان آورده‌اید، پس خود را مسئول میدانیم""
کارشناس فروش: مهدوی

☑️ عکسها متعلق به واحد می‌باشد ☑️

✅ تک واحد 205متری 
✅ صفر کلیدنخورده
✅ سالن بزرگ و پرنور با پنجره‌های قدی
✅ تراس قابل چیدمان
✅ تاپ لوکیشن قصرالدشت

آدرس دفتر: 
قصرالدشت، سه راه عفیف آباد ، جنب فرش حجازی، ساختمان کیمیا طبقه اول",,205,1401,3,True,True,True,"<div class=""kt-page-title__subtitle kt-page-title__subtitle--responsive-sized"">۵ ساعت پیش در شیراز، قصرالدشت</div>",۲۰٬۰۰۰٬۰۰۰٬۰۰۰ تومان
اپارتمان 152 متری کلید نخورده صفر,,"(جهت اطلاع از قیمت پیشنهادی تماس بگیرید)
اپارتمان 152 متری تکواحدی صفر کلید نخورده
سالن بزرگ و قابل چیدمان
واحد ب صورت فول فرنیش می‌باشد
پنجره قدی با نورگیر مستقیم
50 متر تراس اختصاصی ب صورت چهار فصل
متریال مصرفی تماما برند
فول مشاعات
استخر سونا
جاروبرقی مرکزی
شوتینگ زباله
سقف روف گاردن
انتن مرکزی

با املاک همکاری نداریم لطفا تماس نگیرید",,152,1401,2,True,True,True,"<div class=""kt-page-title__subtitle kt-page-title__subtitle--responsive-sized"">۵ ساعت پیش در شیراز، شهر صدرا</div>",۱۱۱٬۱۱۱٬۱۱۱٬۱۱۱ تومان
تک واحدی ۴ خوابه گلدشت معالی آباد ۲۹۴ متری,,تک واحدی گلدشت معالی آباد لوکیشین عالی. تراس های بزرگ. سالن و خواب های بزرگ. خواب مستر.      ✅️ ملک آرا✅️,,294,1398,4,True,True,True,"<div class=""kt-page-title__subtitle kt-page-title__subtitle--responsive-sized"">۵ ساعت پیش در شیراز، گلدشت معالی‌آباد</div>",۱۳٬۲۳۰٬۰۰۰٬۰۰۰ تومان
230متر/کلید نخورده/ ویو ابدی/ تراس قابل چیدمان,,"""میدانیم که حاصل دسترنج خود را برای اسکان آورده‌اید، پس خود را مسئول میدانیم""
کارشناس فروش: مهدوی

✅ واحد 230متری تاپ لوکیشن
✅ صفرکلیدنخورده 
✅ سالن بزرگ غرق در نور با پنجره های قدی
✅ دارای تراس قابل چیدمان 
✅ روف گاردن با ویو ابدی باغ های قصرالدشت
✅ دارای دو پارکینگ 
✅ سند تک برگ ملکی آماده انتقال
✅ فرعی آرام و دنج

آدرس دفتر: 
قصرالدشت، سه راه عفیف آباد، جنب فرش حجازی، ساختمان کیمیا طبقه اول",,230,1401,3,True,True,True,"<div class=""kt-page-title__subtitle kt-page-title__subtitle--responsive-sized"">۵ ساعت پیش در شیراز، قصرالدشت</div>",۲۱٬۳۰۰٬۰۰۰٬۰۰۰ تومان
آپارتمان ۲ خواب,,"⚖️ *دپارتمان تخصصی آموزشی املاک تو*

-------------------------------------------------------

✅ طبقه سوم بدون آسانسور با قیمت مناسب، فرصت عالی برای صاحب خانه شدن

✅نورگیری خوب سالن و اتاق ها

✅ کمد دیواری های عریض و بزرگ در سالن و هر دو اتاق

✅ خوش نقشه و دلباز

✅در بهترین نقطه یقطین با دسترسی عالی

✅دارای وام


-------------------------------------------------------
مشاور و همراه شما: خانم اسماعیلی فرد 

☁️فرصت ها همچون ابرها در گذرند☁️ 

 *بلوار زاگرس شرقی بین کوچه ۲۳ و ۲۵* 
__________________________________",,70,1388,2,False,False,False,"<div class=""kt-page-title__subtitle kt-page-title__subtitle--responsive-sized"">۵ ساعت پیش در شیراز، ترمینال باربری، خیابان یقطین جنوبی (بلوار پاسارگاد غربی)</div>",۱٬۶۵۰٬۰۰۰٬۰۰۰ تومان
اپارتمان ۱۲۵ متری دادگستری,,"دو خواب صفر کلید نخورده 
واقع در اراضی دادگستری(گلدشت حافظ)
موقعیت مکانی عالی(نزدیک به خیابان اصلی و امکانات)
خوش نقشه، نورگیر خوب....

(( جهت کسب اطلاعات ببشتر تماس حاصل فرمایید))",,125,1401,2,True,True,True,"<div class=""kt-page-title__subtitle kt-page-title__subtitle--responsive-sized"">۵ ساعت پیش در شیراز، گلدشت حافظ</div>",۴٬۰۰۰٬۰۰۰٬۰۰۰ تومان
آپارتمان فرانسوی ساز ۲ خوابه با پارکینگ تخلیه هست,,"بسیار تمیز و مرتب 
طبقه ۳ از ۳ 
۱۲ واحدی 
تخلیه میباشد 
پارکینگ دارد 
سند آماده انتقال میباشد
قیمت مقطوع 
فقط و فقط نقدی 
قابلیت رهن تا ۳۵۰ میلیون",,108,1380,2,False,False,False,"<div class=""kt-page-title__subtitle kt-page-title__subtitle--responsive-sized"">۵ ساعت پیش در شیراز، گلدشت معالی‌آباد</div>",۲٬۸۵۰٬۰۰۰٬۰۰۰ تومان
127متر شیک بازسازی شده پاییز,,"////املاک نامجو////
-اپارتمان 127متری شیک واقع در خیابان پاییز
-نورگیر فوق العاده
-خوش نقشه
-واقع در مجتمع
-دسترسی بینظیر به تمام امکنه رفاهی
-بهترین موقعیت 
-اشپزخانه دلباز 
-دوخواب بزرگ
-----اولویت با اولین بازدید کننده------
دپارتمان تخصصی املاک نامجو
مشاور شما:بذرافکن",,127,1385,2,True,True,True,"<div class=""kt-page-title__subtitle kt-page-title__subtitle--responsive-sized"">۵ ساعت پیش در شیراز، شهرک سراج</div>",۳٬۴۹۵٬۰۰۰٬۰۰۰ تومان
تک واحد140متری  شیک کم واحد بلوار بعثت,,"******بسم الله الرحمن الرحیم*******
یک سرمایه گذاری عالی و ایده آل
یک واحد آپارتمان دو خواب
مسکونی 
از یک ساختمان سه واحدی 
تک واحدی 
طبقه اول همراه با پارکینگ و انباری
دارای 20،متر تراس وحیاط 
دارای امکانات :کف لمینت ....کاغذدیواری ....
پرده حریر بسیار شیک....کابینت mdfبلژیکی ...
لوستر زیبا کامل ....گاز توکار و......
در بهترین نقطه از بلوار بعثت 
140متری 
قابل ذکر است که زمین این آپارتمان 200متر میباشد که طبقه فوق الذکر 80متر از زمین را دارا میباشد 
بسیار ایده آل جهت سکونت وسرمایه گذاری
در حال حاضر 650میلیون تومان رهن میباشد که از کل مبلغ کسر میگردد
*****مشاورین املاک آوا مابین فلکه سنگی و چهاراه خلدبرین نبش کوچه سیزده*****",,140,1392,2,True,True,True,"<div class=""kt-page-title__subtitle kt-page-title__subtitle--responsive-sized"">۵ ساعت پیش در شیراز، بعثت</div>",۵٬۴۰۰٬۰۰۰٬۰۰۰ تومان
300 متری ۴ خوابه تاچارا سند ملکی نوساز صفر,,۳۰۰ متری چهار خوابه تاچارا کوچه بانک ملت.  سند ملکی . طبقه همکف. خواب و سالن بزرگ. مستردار. ۱۲۰ متر تراس اختصاصی که در سند نیامده است. نما رومی. نورپردازی در شب. ✅️ ملک آرا✅️,,300,1401,4,True,True,True,"<div class=""kt-page-title__subtitle kt-page-title__subtitle--responsive-sized"">۵ ساعت پیش در شیراز، معالی‌آباد</div>",۱۲٬۶۰۰٬۰۰۰٬۰۰۰ تومان
210متر / سه خوابه/ اعیان نشین(متریال تماما برند),,"⭐⭐ Super Luxury Design ⭐⭐


➖ مشاور امور ملکی شما : آقای فیروزی



➖ معالی آباد - برترین تیم ساختمانی ➖

✔ گران ترین نمای منطقه

✔ 210 متر ، نوساز ، 3 خوابه

✔ آشپزخانه بسیار دلباز و مجلل

✔ لابی اشرافی و فاخر

✔ مشاعات فراتر از تصور

✔ متریال تماما اروپایی و مارک


✔ پارکینگ نا محدود و انتخابی


➖ حتما از این واحد قبل از خرید بازدید فرمایید !!!


➖ تماس از ساعت 8 الی 24



کار را به کارشناس بسپارید



__________ KARSHENAS REAL ESTATE __________


 __________ دپارتمان  املاک  کارشناس __________


آدرس دفتر ما / فرهنگ شهر / نبش کوچه 43 

مدیریت مهندس میری⛔",,210,1401,3,True,True,True,"<div class=""kt-page-title__subtitle kt-page-title__subtitle--responsive-sized"">۵ ساعت پیش در شیراز، معالی‌آباد</div>",۱۲٬۶۰۰٬۰۰۰٬۰۰۰ تومان
آپارتمان دو خوابه باغ حوض,,"دوخوابه 
۱۱۶ متر 
پارکینگ 
انباری 
آسانسور 
کف سرامیک 
پرده 
لوستر 
کاغذ دیواری 
سرویس ایرانی و فرنگی 
طبقه دوم 
جنوبی 
۲۲ واحدی 
محیط عالی 
سند تک برگ ملک 
دسترسی عالی 
کوچه یک باغ حوض از ۲۴ امیرکبیر هم راه داره 
مالک فروشنده واقعی 
بدون واسطه همکاران 
دیدن = پسندیدن",,116,1396,2,True,True,True,"<div class=""kt-page-title__subtitle kt-page-title__subtitle--responsive-sized"">۵ ساعت پیش در شیراز، زرهی، کوچه باغ حوض یک/یک (کوچه سجادیه اول)</div>",۵٬۱۰۰٬۰۰۰٬۰۰۰ تومان
105متر فرگاز,,"توضیحات
✔ با درود فراوان 
✔ مفتخریم در املاک بزرگ ایوان پذیرای شما هستیم . 
➖➖➖➖➖➖➖➖➖➖➖➖
 ✔آپارتمان 105متری به صورت  خام  
 ✔خوش نقشه جنوب  
 ✔ نما سنگ رومی 
 ✔8واحدی 
➖ ➖➖➖➖➖➖➖➖➖➖➖➖➖➖➖
 ✔ موارد دیگر 2 و 3 خواب مطابق نظر و سلیقه شما موجود است . 
 ⚛ املاک بزرگ ایوان ⚛
⛔بدون واسطه همکاران محترم⛔",,105,1401,2,True,True,True,"<div class=""kt-page-title__subtitle kt-page-title__subtitle--responsive-sized"">۵ ساعت پیش در شیراز، شهرک امام رضا (فرگاز)</div>",۳٬۴۹۰٬۰۰۰٬۰۰۰ تومان
آپارتمان، بلوار دکتر حسابی، سه خواب، 185متر,,"⁦☑️⁩شخصی ساز
⁦✔️⁩کم واحد(جمعا 8 واحد)
⁦✔️⁩نور گیر و آفتابگیر (جنوبی)
☑️⁩قابلیت رهن به مبلغ یک میلیارد⁦☑️⁩
⁦☑️⁩واحد مورد آگهی اوقاف می‌باشد⁦☑️⁩
⁦⬇️⁩⁦⬇️⁩⁦⬇️⁩⁦⬇️⁩⁦⬇️⁩⁦⁦⬇️⁩⁦⬇️⁩⬇️⁩⁦⬇️⁩⁦⬇️⁩⁦⬇️⁩⁦⬇️⁩⁦⬇️⁩⁦⬇️⁩
⁦☑️⁩بسیار خوش نقشه
⁦✔️⁩⁦✔️⁩یک خواب مستر
⁦✔️⁩⁦✔️⁩سالن یکپارچه، آشپزخانه بزرگ
⁦✔️⁩⁦✔️⁩اتاقها استاندارد، دارای نور مستقیم
⁦⬇️⁩⁦⬇️⁩⁦⬇️⁩⁦⬇️⁩⁦⬇️⁩⁦⬇️⁩⁦⬇️⁩⁦⬇️⁩⁦⬇️⁩⁦⬇️⁩⁦⬇️⁩⁦⬇️⁩⁦⬇️⁩⁦⬇️⁩
⁦☑️⁩موقعیت مکانی عالی
⁦✔️⁩فاصله بسیار کم به بلوار دکتر حسابی
⁦⬇️⁩⁦⬇️⁩⁦⬇️⁩⁦⬇️⁩⁦⬇️⁩⁦⬇️⁩⁦⬇️⁩⁦⬇️⁩⁦⬇️⁩⁦⬇️⁩⁦⬇️⁩⁦⬇️⁩⁦⬇️⁩⁦⬇️⁩
مشاور شما آرین فر
املاک تچر تاچارا خیابان حکمت
موارد مشابه دو خواب و سه خواب موجود می‌باشد",,185,1401,3,True,True,True,"<div class=""kt-page-title__subtitle kt-page-title__subtitle--responsive-sized"">۵ ساعت پیش در شیراز، تاچارا</div>",۶٬۶۰۰٬۰۰۰٬۰۰۰ تومان
سه خواب ۱۶۵ پنجره قدی هجرت ویودار,,"املاک هستیم
                         هوالرزّاق
     ⚜ کلید خانه دلخواهتان پیش ماست ⚜
 ⛔️با همکاران محترم املاک همکاری نمیشه!⛔️
    املاک بزرگ خونمون خاکشناسی نبش ک ۴  
                   فقط تماس بگیرید                    
                 ✔مهندس عسکرزاده
      
    **خوش قیمت ترین سه خوابه منطقه**

✅️بهترین لوکیشن 
✅️دسترسی عالی
✅️دلباز / خوش نقشه / بدون پرتی/لوکس
✅️فروشنده واقعی / منعطف
✅️بهترین کیس سرمایه‌گذاری 
✅دسترسی راحت به مرکز شهر 
✅نورگیر مستقیم پنجره پرده خور 
✅️مستردار/ کمد دیواری عمیق/ اتاق بزرگ
✅️انباری ابعاد استاندارد
✅️ارائه کد رهگیری 
✅️سند ملکی

   *با تماسی ساده ملک خود را به ما بسپارید*
                      خرید و فروش 
                       رهن و اجاره         
            طراحی و مشارکت در ساخت                  
                 ✔مهندس عسکرزاده

:)",,165,1401,2,True,True,True,"<div class=""kt-page-title__subtitle kt-page-title__subtitle--responsive-sized"">۵ ساعت پیش در شیراز، ارم</div>",۷٬۴۲۵٬۰۰۰٬۰۰۰ تومان
سه خواب تاپ لوکیشن سالن بزرگ,,"«یزدان تو را سپاس»

درود

✅فروشنده واقعی

⬜⬜⬜⬜⬜⬜⬜⬜

✔️۳ خواب

✅۲ خواب مستر

✔️اتاق مادر دارای رختکن

✔️۲۲۰ متر

✅روف گاردن

✅نورگیر شمالی و جنوبی مستقیم

✔️خوش نقشه

✔️سالن بزرگ

✔️ آشپزخانه بزرگ

⬜⬜⬜⬜⬜⬜⬜⬜

⬜تاج فر هستم.

✅«املاک بزرگ روما»

⚪موارد مشابه و غیر مشابه موجود است.",,220,1396,3,True,True,True,"<div class=""kt-page-title__subtitle kt-page-title__subtitle--responsive-sized"">۵ ساعت پیش در شیراز، قدوسی غربی</div>",۱۳٬۴۰۰٬۰۰۰٬۰۰۰ تومان
قصرالدشت/۳۰۰متر/همکف/حیاط‌احتصاصی/تک‌واحدی,,"به نام خدا
_________
☑️واحد فوق در یکی از بهترین لوکیشن های خیابان قصرالدشت واقع شده
☑️کوچه نگهبانی دار و معروف
☑️فرعی دنج و خلوت

✔️سازه ایی بسیار خوش نقشه و خوش ساخت
✔️نقشه تفکیکی و بدون پرتی
✔️سالن بزرگ با پنجره های قدی
✔️نورگیر تمام روز و چند جهته
✔️حال عمومی و خصوصی
✔️اشپزخانه تمیز و کثیف
✔️حیاط اختصاصی و دنج
✔️خواب های بزرگ و مستردار
✔️مسترهای بزرگ و جکوزی خور
✔️کلوزت روم و لاندری
✔️مالکین گزینشی و هم سطح

❌مالک منعطف و فروشنده

◀️برای مشاوره و اطلاعات بیشتر تماس بگیرید
_________
***********
رضا غرقی",,300,1399,3,True,True,True,"<div class=""kt-page-title__subtitle kt-page-title__subtitle--responsive-sized"">۵ ساعت پیش در شیراز، قصرالدشت</div>",۲۱٬۷۲۰٬۰۰۰٬۰۰۰ تومان
مهرقصرالدشت/۳۸۰متر/۴خوابه/مشاعات/تراس‌با‌ویو,,"به نام خدا
_________
✔️واحد فوق در یکی از بهترین لوکیشن های خیابان قصرالدشت واقع شده
✔️کوچه مشجر و عریض

✔️سازه ایی بسیار خوش نقشه و خوش ساخت
✔️نقشه تفکیکی و بدون پرتی
✔️سالن بزرگ با پنجره های قدی
✔️نورگیر تمام روز و چند جهته
✔️تراس قابل چیدمان و بدون اشراف
✔️حال عمومی و خصوصی
✔️اشپزخانه تمیز و کثیف
✔️خواب های بزرگ و مستردار
✔️مسترهای بزرگ و جکوزی خور
✔️کلوزت روم و لاندری
✔️مشاعات تکمیل و حرفه ایی
(سالن اجتماعات/ سالن ورزشی / gym / استخر/سونا/جکوزی/خمام مغربی و...)

☑️نگهبانی و لابی من مقیم در پروژه

❌مالک منعطف و فروشنده

◀️برای اطلاعات بیشتر و مشاوره ملکی تکاس بگیرید
__________
***********",,380,1401,4,True,True,True,"<div class=""kt-page-title__subtitle kt-page-title__subtitle--responsive-sized"">۵ ساعت پیش در شیراز، قصرالدشت</div>",۳۴٬۹۶۰٬۰۰۰٬۰۰۰ تومان
آپارتمان ۶۵ متری یقطین,,"⚖️ *دپارتمان تخصصی آموزشی املاک تو*

-------------------------------------------------------

☆ زیر قیمت کارشناسی منطقه
☆سالن دلباز و خوش نقشه
☆نورگیری جنوبی
☆بی نیاز از انباری
☆کمد دیواری های عریض و عمیق
 ☆دارای وام بانکی
 ☆ قابلیت رهن تا ۲۵۰ میلیون
☆ مناسب سرمایه گذاری  
-------------------------------------------------------
مشاور و همراه شما: خانم اسماعیلی فرد 

☁️فرصت ها همچون ابرها در گذرند☁️ 

 *بلوار زاگرس شرقی بین کوچه ۲۳ و ۲۵* 
__________________________________",,65,1390,1,False,False,False,"<div class=""kt-page-title__subtitle kt-page-title__subtitle--responsive-sized"">۵ ساعت پیش در شیراز، شهرک سراج</div>",۱٬۷۵۰٬۰۰۰٬۰۰۰ تومان
سه خوابه نوساز صفر تاچارا ملکی,,سه خوابه نوساز صفر تاچارا کوچه بانک ملت. سند ملکی. پنجره سرتاسر . جنوبی. مستردار. دارای پارکینگ انباری آسانسور.  نما رومی نورپردازی در شب. ✅️ ملک آرا ✅️,,145,1401,3,True,True,True,"<div class=""kt-page-title__subtitle kt-page-title__subtitle--responsive-sized"">۵ ساعت پیش در شیراز، معالی‌آباد</div>",۷٬۱۹۲٬۰۰۰٬۰۰۰ تومان
آپارتمان دوخوابه بلوار فردوسی صدرا,,"✳️  فروش آپارتمان دوخوابه صفر کلید نخورده❇️

✅️ سند تک برگ 
✅️لوکس 
✅️تراس بزرگ
✅️کابینت هایگلاس 
✅️کاغذ دیواری 
✅️سقف کناف و نورپردازی
✅️جنوبی 
✅️بدون مشرف 
✅️ویو عالی 

آدرس دفتر:صدرا بلوار حافظ تقاطع اول مشاور املاک هومن",,120,1397,2,True,True,True,"<div class=""kt-page-title__subtitle kt-page-title__subtitle--responsive-sized"">۵ ساعت پیش در شیراز، شهر صدرا</div>",۲٬۶۰۰٬۰۰۰٬۰۰۰ تومان
فروش واحد شخصی ساز سه واحدی,,"سند تک برگ 
حیاط اختصاصی
کابینت mdf 
گاز صفحه ای
دو خواب
کمد دیواری 
کاغد دیواری
قابلیت وام تا ۳۰۰ ملیون
سند ازاد
موقعیت عالی
قابلیت رهن تا ۳۰۰ ملیون
کشتکار",,100,1397,2,False,False,False,"<div class=""kt-page-title__subtitle kt-page-title__subtitle--responsive-sized"">۵ ساعت پیش در شیراز، شهر صدرا</div>",۲٬۵۰۰٬۰۰۰٬۰۰۰ تومان
تاچارا ۱۲۰متری صفر,,"ملکی
کوچه ۳۶میرزای شیرازی
نما رومی
متریال عالی
نور عالی
ویو عالی
مکانی آرام
همسایگان فرهیخته
......کارشناسان املاک مقیم .........
آدرس ..گلدشت معالی آباد نبش لادن ۶",,120,1401,2,True,True,True,"<div class=""kt-page-title__subtitle kt-page-title__subtitle--responsive-sized"">۵ ساعت پیش در شیراز، تاچارا</div>",۴٬۷۰۰٬۰۰۰٬۰۰۰ تومان
آپارتمان دو واحد ۴۰۰ متر معاوضه با ملک,,"دپارتمان املاک مسروری 

✅فروش دو واحد جمعا ۴۰۰ متر از مجموع ۸ واحدی

✅تکمیل فوق لوکس طبقه آخر خوش نقشه سالن بزرگ پنجره تا کف بدون مشرف 

✅معاوضه با دو طبقه قابل سکونت هم قیمت واحدها

⏪جهت استعلام و اطلاع بیشتر فقط تماس بگیرید 

⏪موارد مشابه موجود میباشد 

مشاور امور ملکی شما پرهیزگار",,400,1401,4,True,True,True,"<div class=""kt-page-title__subtitle kt-page-title__subtitle--responsive-sized"">۵ ساعت پیش در شیراز، خلیلی</div>",۲۱٬۰۰۰٬۰۰۰٬۰۰۰ تومان
پزشکان ۲ دوخواب ۱۳۰متر,,"مجتمع کم واحد.

واحد جنوبی.

واحد تخلیه.

در صورت کمبود مبلغ خرید ۵۵۰ میلیون رهن داده میشود.",,130,1388,2,True,True,True,"<div class=""kt-page-title__subtitle kt-page-title__subtitle--responsive-sized"">۵ ساعت پیش در شیراز، معالی‌آباد</div>",۵٬۶۰۰٬۰۰۰٬۰۰۰ تومان
پکیج4واحدی‌2خوابه،540متری،همت‌شمالی,,"واقع در همت شمالی(جوادالائمه)،سندتک‌برگ‌مالکیت

فروش‌پکیج4واحدی135متری،تک‌واحدی،نمای‌ترکیبی

لوکیشن‌آرام،جنوبی‌غربی،زیربنا540متر،پنجره‌قدی

درب‌ساختمان،خوش‌نقشه،سالن‌مناسب،تراس‌کاربردی

باقیمت 26.5میلیاردتومان

مالک‌فروشنده‌واقعی

بدون‌واسطه‌املاک‌وهمکاران‌ارجمند",,420,1401,2,True,True,True,"<div class=""kt-page-title__subtitle kt-page-title__subtitle--responsive-sized"">۵ ساعت پیش در شیراز، قصرالدشت</div>",۲۶٬۵۰۰٬۰۰۰٬۰۰۰ تومان
اپارتمان دو خواب / فرهنگ شهر,,"«بنام خالق زیبایی ها»
نزدیک به خیابان اصلی/
کم واحد/ 
شخصی ساز/
سالن مربع / 
خوش نقشه و بدون پرتی/
فول امکانات / فول دکوراتیو / فول کناف
مشاور شما : هنرپیشه
«دپارتمان حقوقی و تخصصی املاک بیژن»",,110,1398,2,True,True,True,"<div class=""kt-page-title__subtitle kt-page-title__subtitle--responsive-sized"">۵ ساعت پیش در شیراز، فرهنگ شهر</div>",۵٬۳۰۰٬۰۰۰٬۰۰۰ تومان
اپارتمان/سه خوابه/معالی اباد,,"واحد بازسازی شده کامل 
نورگیر جنوبی 
سالن بدون نقص و قابل چیدمان 
تراس بزرگ قابل چیدمان 
نورپردازی شده
کابینت هایگلس 
مشاور:مزدوری",,135,1388,3,True,True,True,"<div class=""kt-page-title__subtitle kt-page-title__subtitle--responsive-sized"">۵ ساعت پیش در شیراز، معالی‌آباد</div>",۶٬۱۵۰٬۰۰۰٬۰۰۰ تومان
سه خوابه /کلیدنخورده/تکمیل/جنوبی/فرهنگ شهر,,"بنام یزدان پاک

واحد شمالی جنوبی و دوبرنورگیر است
هرسه خواب کمددیواری و نورگیر مستقیم دارد
صفر کلید نخورده و تکمیل(کابینت گلس،هود و گاز توکار،ماکروفر توکار،کناف ،نورپردازی،...)
دارای دو بالکن بزرگ و قابل چیدمان
یک خواب مستر،ویو ابدی بدون مشرفیت
واحد هیچ دیوار مشترکی ندارد
سالن مربعی ،بزرگ با قابلیت چیدمان دو دست مبلمان
قیمت اعلامی زیر رنج منطقه تنها تاپایان هفته جاری
سند تک برگ ملکی و آماده انتقال

  مشاور شما:قزلباش
جهت مشاوره رایگان با افتخار در خدمت شما هستم",,185,1396,3,True,True,True,"<div class=""kt-page-title__subtitle kt-page-title__subtitle--responsive-sized"">۵ ساعت پیش در شیراز، فرهنگ شهر</div>",۷٬۹۰۰٬۰۰۰٬۰۰۰ تومان
واحد تکمیل/161 متر/سه خواب مستر دار,,"بهترین متریال فوق‌العاده زیبا
خوش نقشه
کم واحد
نورگیر شمالی،جنوبی
سند تک برگ ملکی
تاپ لوکشین
ویو دار،ابدی",,161,1401,3,True,True,True,"<div class=""kt-page-title__subtitle kt-page-title__subtitle--responsive-sized"">۵ ساعت پیش در شیراز، شهرک شهید بهشتی</div>",۶٬۱۰۰٬۰۰۰٬۰۰۰ تومان
آپارتمان3خوابه،165متری،همت‌شمالی,,"واقع‌در‌بلوارهمت‌شمالی(‌دشتی28)،سند‌مجموعه‌مالکیت

لوکیشن‌عالی‌بادسترسی‌آسان‌به‌امکانات‌رفاهی‌وعمومی

صفرکلیدنخورده‌‌بصورت‌خام،مستردار،نورگیری‌ایده‌آل

خوش‌ساخت‌خوش‌نقشه‌بانمای‌مجلل،سالن‌تراس‌مناسب

مبلغ%6ثمن‌معامله‌جهت‌سند‌کسرمی‌گردد

مالک‌فروشنده‌واقعی

بدون‌واسطه‌‌املاک‌وهمکاران‌ارجمند",,165,1401,3,True,True,True,"<div class=""kt-page-title__subtitle kt-page-title__subtitle--responsive-sized"">۵ ساعت پیش در شیراز، قصرالدشت</div>",۱۰٬۸۰۰٬۰۰۰٬۰۰۰ تومان
آپارتمان.۹۴متری.تجهیزشده,,"⭐املاک میلان⭐

✅مشخصات ملک:
✅آپارتمان۹۴متر میباشد
✅واحد دوخواب
✅نورگیرجنوبی
✅واحد تجهیز لوکس
✅بهترین لوکیشن توحیدی راد
✅موقعیت واحد نبش خیابان اصلی


مشاور امین شما:شیرعلی

️ادرس:شهرک فرهنگیان:خیابان توحیدی راد بین کوچه ۳و۵️",,94,1397,2,True,True,True,"<div class=""kt-page-title__subtitle kt-page-title__subtitle--responsive-sized"">۵ ساعت پیش در شیراز، فرهنگیان</div>",۲٬۹۰۰٬۰۰۰٬۰۰۰ تومان
یه خوابه شخصی ساز طلائیه سند دار,,"✔بنام یزدان پاک
✔فروش یه خوابه طلائیه
✔اول فاز دو
✔صفر تا صد بازسازی شده
✔سوپر لوکس
✔بدون مشرف
✔نورگیرعالی
✔پارکینگ مسقف
✔سند تک برگ ملکی
✔تخلیه:بازدید
✔تعلل: حسرت
✔جهت هماهنگی و بازدید تماس بگیرید
مشاور شما ساسانی",,75,1393,1,True,True,True,"<div class=""kt-page-title__subtitle kt-page-title__subtitle--responsive-sized"">۵ ساعت پیش در شیراز، شهر صدرا</div>",۱٬۷۸۰٬۰۰۰٬۰۰۰ تومان
آپارتمان  نوساز تکمیل,,"بِسْمِ اْلله اَلْرَحماٰنِ الْرَحیمْ
مشاور املاک آینده نوین
✅فروش آپارتمان
✅٢خواب 
✅کف سرامیک
✅متراژ120
✅بسیار تمیز و خوش نقشه
✅نورگیر جنوبی غرق در نور
✅ ٢ پارکینگ
✅انباری و پارکینگ درب برقی
✅منطقه امن و بسیار ارام 
✅نما رومی و متریال ساخت عالی
جهت بازدیدو هماهنگی لطفا فقط تماس بگیرید

املاک آینده نوین پیشرو در ارائه خدمات املاک و مستغلات
 خرید 
      فروش
             رهن و اجاره
                       مشارکت در ساخت و پیش فروش
✅آپارتمان. زمین. باغ شهری. ویلایی. زمین های انبوه سازی و... 
مدیریت : قانعی ، یک کلام",,120,1401,2,True,True,True,"<div class=""kt-page-title__subtitle kt-page-title__subtitle--responsive-sized"">۵ ساعت پیش در شیراز، شهرک گلستان شمالی</div>",۳٬۳۶۰٬۰۰۰٬۰۰۰ تومان
آپارتمان ۱۳۷ متری فرهنگ شهر,,"فروش آپارتمان به متراژ ۱۳۷ متر در بهترین لوکیشن فرهنگ شهر با بهترین متریال کاغذ دیواری سالن بزرگ خوش نقشه غرق نور جنوبی کابینت هایگلاس گاز و فر تو کار پکیچ رادیات پرده کناف و نور پردازی فقط برای سخت پسندان برای اطلاعات بیشتر تماس حاصل فرمایید.
مشاور املاک ((روشن))",,137,1398,2,True,True,True,"<div class=""kt-page-title__subtitle kt-page-title__subtitle--responsive-sized"">۵ ساعت پیش در شیراز، فرهنگ شهر</div>",۵٬۸۰۰٬۰۰۰٬۰۰۰ تومان
دو خوابه,,"دو خوابه فوق لوکس
۱۴ واحدی 
صفر
در بهترین لوکیشن صدرا
تکمیل شده با بهترین متریال بروز

سایر موارد و مشاوره تماس بگیرین
شیبانی

بدون واسطه ❎",,120,1397,2,True,True,True,"<div class=""kt-page-title__subtitle kt-page-title__subtitle--responsive-sized"">۵ ساعت پیش در شیراز، شهر صدرا</div>",۳٬۰۷۰٬۰۰۰٬۰۰۰ تومان
واحد آپارتمان 103 متری  کم واحد خوش نقشه,,"===> املاک پارسایی <===
                 ✨یافتن سلیقه شما تخصص ماست✨

        103 متری دلباز
        نورگیر سرتاسری 
        پرده خور تالاری 
        سقف بلند و بدون ستون 
        مناسب برای هر مدل چیدمان
         آشپز خانه پر کابینت 
         کمد دیواری جادار
         فایل 5 ستاره منطقه
         خواب های جادار
         زیر قیمت منطقه 

   ☎ درصورت داشتم هرگونه سوالی در مورد ملک با ما تماس بگیرید 
                             شما لایق بهترین ها هستید",,103,1398,2,True,True,True,"<div class=""kt-page-title__subtitle kt-page-title__subtitle--responsive-sized"">۵ ساعت پیش در شیراز، فرزانگان</div>",۳٬۰۰۰٬۰۰۰٬۰۰۰ تومان
آپارتمان صفر کلید نخورده 120 متری/ فرهنگ شهر,,"درود بر شما 
✅زیر قیمت ترین آپارتمان در بهترین لوکیشن فرهنگ شهر
✅با خرید این آپارتمان به خودتون عیدی بدین
✅آپارتمان 120 متری خوش نقشه
✅2 خواب بزرگ/۱ خواب مستر
✅طبقه 1 از 4
✅ویو مادام باغ  یک و مملو از نور و بدون مشرف
✅فول امکانات
✅لابی مجلل و لابی من مقیم
✅پلان تفکیکی بدون نقص و بدون پرتی
✅واقعا به دیدن و خریدنش می ارزه
*مختص خاص پسندان*
✅مشاور تخصصی منطقه فرهنگ شهر و معالی آباد:
فرتاش حمزوی
هر چیزی که از یه خونه انتظار داری 
✅بازدید مساوی قرارداد
✅مالک فوق العاده منعطف
ارایه توضیحات بیشتر و فایل های مشابه طی تماس تلفنی
 ☎️تماس : ۹صبح الی ۲۴",,120,1401,2,True,True,True,"<div class=""kt-page-title__subtitle kt-page-title__subtitle--responsive-sized"">۵ ساعت پیش در شیراز، فرهنگ شهر</div>",۸٬۱۶۰٬۰۰۰٬۰۰۰ تومان
